{"camera_matrix": [[223.28249888247538, 0.0, 152.30570853111396], [0.0, 223.8756535707556, 124.5606000035353], [0.0, 0.0, 1.0]], "dist_coeff": [[-0.44158343539568284, 0.23861463831967872, 0.0016338407443826572, 0.0034950038632981604, -0.05239245892096022]], "mean_error": 0.08946613100725985, "new_camera_matrix": [[118.87518310546875, 0.0, 106.09180511677187], [0.0, 179.79344177246094, 118.20594138566776], [0.0, 0.0, 1.0]], "roi": [0, 0, 224, 224]}